{"adPreferences":{"filtered_ads":[],"filtered_categories":[],"saved_ads":[],"flagged_ads":[]},"adsShownHistory":[],"adUUID":"2612aeaf-44a3-408d-a81c-c8e9f7b42b49","adsUUIDSeen":{},"nextCheckServeAd":0,"available":true,"lastSearchTime":1579284109,"lastShopTime":0,"lastUserActivity":1579340689,"lastUserIdleStopTime":1579206832,"userModelLanguage":"en","userModelLanguages":["de","en","fr"],"lastPageClassification":"sports-tennis","pageScoreHistory":[[4.720198416136309e-10,4.27778746724396e-11,2.6221411268269345e-14,1.4383850943462685e-12,5.117117069007321e-14,3.0599274545108418e-14,1.565078416340997e-11,1.75618964379895e-17,8.830187960782261e-15,1.1934174785607901e-12,4.3590355816796826e-10,2.0464795454751546e-12,7.535997518644669e-14,4.0387527902456936e-11,1.2428989164650004e-17,1.4737064913765173e-8,1.3922852849372045e-17,1.5859384291677384e-15,5.528830448324639e-15,1.1644696450185587e-9,3.640190185418056e-11,1.526650776505175e-15,7.064563339060178e-14,1.4118573612351509e-13,1.174927113975643e-13,1.983328117394973e-15,6.744830104637346e-15,3.8333783380355728e-17,3.7094781561530147e-14,5.111567532552275e-13,4.914924051067818e-15,1.6429953716162712e-12,1.170939145176794e-13,2.0094294700459929e-10,7.678017639584447e-16,3.473547135194923e-15,7.580026327834665e-19,2.403032736842141e-18,5.0326490067677168e-17,9.68691785998271e-15,8.797445488936985e-16,7.719706158957937e-15,2.66435337990465e-16,5.69866296615065e-18,4.902381081159943e-12,1.090543614701716e-15,1.425412711645028e-16,2.1164949479552109e-16,2.5241167713414344e-14,2.8250778705781447e-11,6.390010611469776e-11,7.072940466436731e-15,1.1452477876474505e-12,2.9961733636720028e-11,9.613862958610165e-13,2.0876746439815029e-10,1.5147506470831409e-10,2.1021294106205828e-10,8.030617257996002e-16,9.061742169380129e-16,3.973852109925869e-11,7.927131225849598e-14,1.2655679857718697e-12,6.569851358786015e-14,2.2453499617121896e-16,5.980779053790555e-10,1.2075959679905558e-18,2.1009533292075015e-14,1.954357302755835e-16,2.2338043422622448e-13,5.957473530877331e-17,2.2844643574224284e-18,1.4918560591380385e-12,8.201287941778187e-14,1.5296225750803128e-12,4.193964579762526e-17,4.631154157044992e-13,8.382877293489634e-14,1.7156486110935473e-14,3.292546883426278e-16,1.4346073785926678e-14,9.79547967899229e-12,8.882175244648927e-17,1.8107867040967975e-16,1.672000848300215e-12,5.3331736206183467e-17,3.997928296204748e-15,2.48657463550718e-13,6.948570319734695e-11,1.839522661768569e-13,3.73308858175336e-11,8.801096368040357e-15,7.8954860335245e-14,1.1875486304037896e-14,4.507268013562413e-14,5.442949067730214e-12,4.011424788199641e-17,2.4647520347359117e-14,8.600121241433153e-15,5.988112781711587e-15,6.044242191574429e-13,2.064537261813479e-13,1.891938123798277e-20,1.6903253446242633e-12,6.238197060419095e-14,3.608135684301812e-14,9.998912139247134e-15,4.138968023130945e-17,4.9508820025276769e-9,6.142433640509723e-12,2.13103145783388e-13,4.152878739663608e-20,2.092806765473081e-13,6.952088638457272e-24,1.6027910038445e-17,5.5078607602620869e-15,3.2015388344516178e-18,1.1219757660789104e-14,1.0003210735520516e-12,9.243366092258585e-13,1.3799694951971349e-16,6.060674042426396e-12,3.522271574064959e-13,2.2357823420635068e-14,3.6550752198536827e-19,3.260388913847199e-17,3.036501757094117e-13,2.683257603278098e-18,2.3161149883087723e-14,4.779214970969773e-15,1.9154752095264037e-9,4.4430740344832679e-17,1.6243473673412189e-13,1.6681099316120546e-14,1.453298686762398e-11,8.871164873277167e-13,2.4056879896353618e-11,1.4524206524400353e-18,3.587734777030173e-12,7.92237637371244e-14,1.320230199577849e-13,2.827904361458716e-11,1.9756671030430105e-13,2.2711272655861285e-15,7.970528773073216e-10,3.104540579849149e-9,1.0515191510012658e-11,1.3240052119102883e-16,1.9301949767152025e-12,2.894438705183497e-14,1.4041553238746017e-11,5.65220925316114e-17,1.1856854213592618e-12,4.490554994916631e-15,2.2226631966258719e-13,2.3318385763041238e-23,2.6308869219470752e-12,6.511930324087552e-11,2.2445426161234882e-20,3.6360097541292889e-21,2.8111431287522015e-14,2.0096516407587904e-16,4.71883238999996e-16,4.0032483338180886e-13,1.1939127385699552e-11,3.1595228583941257e-12,5.674888048469466e-10,3.6655969769442527e-14,1.7190139405108406e-10,4.00947934603683e-16,1.0090273620232289e-21,5.64737710409664e-14,1.1677296504929896e-16,6.372020906117298e-19,3.169824745409719e-15,5.528524828652799e-12,5.468370366641128e-8,7.486535309542504e-13,5.375873228953425e-12,1.9348041657186267e-13,8.622162549512285e-11,5.535609989562314e-20,2.1573179126592764e-9,1.246333592179614e-13,3.8094743281561357e-14,0.9999999060904722,1.7231627216855797e-16,3.0867569901176772e-12,1.6382864303233759e-10,2.787349677581441e-14,8.065223261791484e-16,5.89610054605317e-14,1.7584293960370698e-12,1.4590954267346413e-19,3.636698632468099e-15,2.2875383910539293e-15,8.093380351415011e-17,1.3948352403207565e-15,2.878030238003766e-13,6.4666987778572e-9,1.4598904431921172e-16,1.8060118600846576e-12,3.965060137342343e-12],[1.1282085453929027e-226,1.816495819818464e-261,1.6087473816264788e-278,5.493651395698745e-195,6.143307757542675e-197,2.229424397633416e-252,1.0526686670821692e-253,7.433527967040232e-275,1.319946590398073e-175,4.3984524443422417e-191,3.3756865082207538e-255,7.614828638051078e-188,2.1721659594327065e-213,1.7086522850997e-268,7.1658365371632e-213,2.120351647936827e-236,1.216866920328644e-263,2.5148667735699417e-267,1.6058023675981649e-307,3.272735037862407e-280,1.6118509502690886e-303,8.910887803743722e-203,7.092993115181956e-241,1.0,3.058392386669769e-155,1.2480789781088577e-221,3.3026959366810757e-259,1.4224040211945817e-198,1.4774541810585215e-220,9.45795779283531e-231,1.7658172607897549e-254,5.824837002477274e-226,3.4743824080760556e-180,2.144684605611134e-242,5.343041145231606e-215,4.8273430557094019e-282,4.5628517485066479e-84,3.008839997957033e-211,6.845944831847367e-231,1.9054696764211979e-253,3.759260710689198e-240,8.818492190815883e-171,8.503767489926038e-100,1.1644024545074449e-194,6.51112589551402e-187,2.5234099240876108e-281,6.60396852074193e-277,0.0,2.0307999633698989e-159,8.658887894142026e-229,3.9803590066779559e-183,2.3249951883972433e-247,6.903071174354046e-284,2.984266513306433e-258,4.2201870741543487e-263,5.5643424975191e-310,1.777809425514773e-236,4.65954577183344e-247,1.7447985161424756e-259,5.049613777231683e-234,2.32636457833991e-288,1.1404563935341591e-253,1.0050586757738216e-225,1.8160457270341223e-177,5.661513583003469e-175,1.3853628089660857e-291,2.260350426797629e-106,4.7049868390644859e-32,1.2200955614461e-45,3.386720636150488e-130,1.722639556195282e-137,1.591494125351036e-89,5.0661667356185298e-48,5.3657558607747569e-78,5.891338404182308e-142,2.2473578808216096e-164,4.545517591101552e-71,6.561076234930991e-50,8.438073467623042e-97,5.1050096735265759e-79,7.1435726272174589e-140,1.4491056208826685e-178,3.922114982329731e-65,9.258967418118624e-81,9.041935689890648e-89,8.453118222016397e-58,3.0303541242848309e-102,5.807709874835608e-68,4.0466827963738664e-188,3.4417287122601258e-203,1.2854369680246094e-255,3.0290518308076955e-265,5.083417677166942e-256,1.9685284730510755e-229,3.1806720297052486e-242,4.8024104527882608e-247,1.1654031044672552e-237,7.262365133038458e-221,2.9580815858718968e-279,6.542893229234492e-263,1.0632825099132528e-224,1.6582518567150557e-150,0.0,2.01227229463681e-103,1.5186451653738798e-200,5.319705632200516e-247,1.7125111989513578e-224,7.780663167672135e-232,6.113324659692336e-277,2.958801938087362e-209,7.98699225127768e-207,7.174088660879885e-223,5.893475689230438e-225,0.0,3.929320107622108e-284,7.563918787891684e-155,4.139883589111465e-190,1.2019926436388452e-169,5.861915146201433e-176,4.042291606981963e-234,1.6587823456283396e-256,1.112970844503567e-246,4.465084573219128e-249,9.196111355896864e-169,2.0024188610291827e-117,1.1238917993133918e-188,2.087481554451116e-251,9.00512413019888e-148,3.5036204691252069e-235,1.3306898379005787e-188,5.79477767395221e-184,3.4010148684098418e-203,1.981227771067003e-180,